market_id,market_slug,question,condition_id,yes_token_id,no_token_id,city,city_raw,market_date_local,market_date_raw,market_type,threshold,range_low,range_high,temp_unit,precision,metric_type,parse_status,country,station_id,lat,lon,timezone,settlement_source_type,settlement_url,market_enabled,disabled_reason
1842689,highest-temperature-in-london-on-april-7-2026-16corbelow,Will the highest temperature in London be 16°C or below on April 7?,0x80517ade79f745cf2fd14e6cc44b6b7b1f645d0763c6eecf4f616a3ee4f97f62,15137982963221427632853739044419905417753962612193264398797142010225248563219,37279865386174146821279537304674724922533244392779420319756666550701391134865,London,London,2026-04-07,April 7,below,16.0,,,C,1C,daily_high,ok,GB,EGLC,51.5048,0.0495,Europe/London,WU,https://www.wunderground.com/history/daily/gb/london/EGLC,true,
1842690,highest-temperature-in-london-on-april-7-2026-17c,Will the highest temperature in London be 17°C on April 7?,0x7c1ac87461b1c76c00c28641446abf76d5a19444d2e7f0b08d0d86256ee8a702,4866426607822321283526264936825895802833353684087504419619807569734568625659,15475436611177738720447683905481224913241322114546997234636613629566784458616,London,London,2026-04-07,April 7,exact,17.0,,,C,1C,daily_high,ok,GB,EGLC,51.5048,0.0495,Europe/London,WU,https://www.wunderground.com/history/daily/gb/london/EGLC,true,
1842692,highest-temperature-in-london-on-april-7-2026-18c,Will the highest temperature in London be 18°C on April 7?,0x975e7298d48075454c7ae3c108d5c35b0ce5f426cfc357630d63db164a32dd8c,7114233361824113138067852999646657460185764815554696075758841775593055700896,19566513352589599608896008084597779917664890805522823470923296113020157821166,London,London,2026-04-07,April 7,exact,18.0,,,C,1C,daily_high,ok,GB,EGLC,51.5048,0.0495,Europe/London,WU,https://www.wunderground.com/history/daily/gb/london/EGLC,true,
1842693,highest-temperature-in-london-on-april-7-2026-19c,Will the highest temperature in London be 19°C on April 7?,0x7427d2cad7b406bd6b20ed68d4219905116f5bae88ff2755969c49ef0ec23a20,79277478576309741604900839519220905360908170924826798677713360505966861628589,3291396858176829102253665575889251005480970700431480735517553388554508692534,London,London,2026-04-07,April 7,exact,19.0,,,C,1C,daily_high,ok,GB,EGLC,51.5048,0.0495,Europe/London,WU,https://www.wunderground.com/history/daily/gb/london/EGLC,true,
1842694,highest-temperature-in-london-on-april-7-2026-20c,Will the highest temperature in London be 20°C on April 7?,0x682cce92554fa6579180fc771ea36768a51b961e11e4be6d52f0272fbe08a16f,29885164717109503830086009372288506808460308227330095424654348249127671931913,103244614804482177372536979685383287465087666607017403251690482566311679341762,London,London,2026-04-07,April 7,exact,20.0,,,C,1C,daily_high,ok,GB,EGLC,51.5048,0.0495,Europe/London,WU,https://www.wunderground.com/history/daily/gb/london/EGLC,true,
1842695,highest-temperature-in-london-on-april-7-2026-21c,Will the highest temperature in London be 21°C on April 7?,0xedabb6e77c40a69315b582ca176533ef2766303692632ce0afc01961eacaf949,96471280047540264962193582208075817724715392556832455071508718190111378567195,111031831095512781064612030652485868830313811172661370730464490784660868328184,London,London,2026-04-07,April 7,exact,21.0,,,C,1C,daily_high,ok,GB,EGLC,51.5048,0.0495,Europe/London,WU,https://www.wunderground.com/history/daily/gb/london/EGLC,true,
1842696,highest-temperature-in-london-on-april-7-2026-22c,Will the highest temperature in London be 22°C on April 7?,0xe630d008d796ccd7e7906e3ac95e284570bd8a737f2e9948834ffb100f20ffc2,80825050567597350092607403122690117506692335685431129992764259334325132621751,55702233914293258018247628250854109895825898926895667356102876956505179275164,London,London,2026-04-07,April 7,exact,22.0,,,C,1C,daily_high,ok,GB,EGLC,51.5048,0.0495,Europe/London,WU,https://www.wunderground.com/history/daily/gb/london/EGLC,true,
1842698,highest-temperature-in-london-on-april-7-2026-23c,Will the highest temperature in London be 23°C on April 7?,0xc774dd8cd8cefe3c28de923ac06fe061f5c96cc03b44ef6a8c97189082cb3c8b,105780751267264596490923140110560172939201643128269259190418885570173372043529,105297783038456879711192277303292032780697631650401001849895289124532115242681,London,London,2026-04-07,April 7,exact,23.0,,,C,1C,daily_high,ok,GB,EGLC,51.5048,0.0495,Europe/London,WU,https://www.wunderground.com/history/daily/gb/london/EGLC,true,
1842700,highest-temperature-in-london-on-april-7-2026-24c,Will the highest temperature in London be 24°C on April 7?,0xc60b5188748d0aa43d3f6f86cd95bf1842f2e2484c235facdf19b623deef0c82,44695533114347337562537915616050863213925425890725577419607669527697376013400,10731363456205177605241781654977377804939069288829061293195868822788601783239,London,London,2026-04-07,April 7,exact,24.0,,,C,1C,daily_high,ok,GB,EGLC,51.5048,0.0495,Europe/London,WU,https://www.wunderground.com/history/daily/gb/london/EGLC,true,
1842701,highest-temperature-in-london-on-april-7-2026-25c,Will the highest temperature in London be 25°C on April 7?,0x50239d7ec5897f55dcbc5f196b4eeeb1c4aec3ff944bcee80409763e07c669b3,103638387254501910039976266481940002332894930541654492781402371939251452519992,75733630722257627480756370640135134381323142185551815427805270956385634283247,London,London,2026-04-07,April 7,exact,25.0,,,C,1C,daily_high,ok,GB,EGLC,51.5048,0.0495,Europe/London,WU,https://www.wunderground.com/history/daily/gb/london/EGLC,true,
1842702,highest-temperature-in-london-on-april-7-2026-26corhigher,Will the highest temperature in London be 26°C or higher on April 7?,0x55a270a3d2e9dc5efdc019b2610120e31981f1bf00fe8accdd2c295c2f04efd7,67982521211398947955349086886417019406950334570549761799795140070053266497032,60070672787991199345996223627741919903659706685638740352916440830277683891882,London,London,2026-04-07,April 7,higher,26.0,,,C,1C,daily_high,ok,GB,EGLC,51.5048,0.0495,Europe/London,WU,https://www.wunderground.com/history/daily/gb/london/EGLC,true,
1842708,highest-temperature-in-paris-on-april-7-2026-18corbelow,Will the highest temperature in Paris be 18°C or below on April 7?,0xc5af3cb40033a93eb8eead1169270deebfd9c676dcca4455fff77e63361123f3,93229130956530583651394601910343802857706380194820333770698526539241134231992,35389634662991732357420155094043661129029316397416468093188850870306187613259,Paris,Paris,2026-04-07,April 7,below,18.0,,,C,1C,daily_high,ok,FR,LFPG,49.0097,2.5479,Europe/Paris,WU,https://www.wunderground.com/history/daily/fr/paris/LFPG,true,
1842709,highest-temperature-in-paris-on-april-7-2026-19c,Will the highest temperature in Paris be 19°C on April 7?,0xb3eace0974557b4560c5d4dff6c7ba183d4a223c55800f92321ecc9d8a6cdd6c,57061722328726518440736968219998300997457693345753104755004974876134616859924,112098162490809679463028582581884837398439587841300185303257262673516037374895,Paris,Paris,2026-04-07,April 7,exact,19.0,,,C,1C,daily_high,ok,FR,LFPG,49.0097,2.5479,Europe/Paris,WU,https://www.wunderground.com/history/daily/fr/paris/LFPG,true,
1842710,highest-temperature-in-paris-on-april-7-2026-20c,Will the highest temperature in Paris be 20°C on April 7?,0xae5bbd440dcbe6f929db2ec34363ea4f9f35b324335ab6d6373e6b2a907aaaad,91807959397381744988889241821416380425558849699333842742904291476705266829749,53864152021498234486459909944970669221348503129505820678924422413390142238196,Paris,Paris,2026-04-07,April 7,exact,20.0,,,C,1C,daily_high,ok,FR,LFPG,49.0097,2.5479,Europe/Paris,WU,https://www.wunderground.com/history/daily/fr/paris/LFPG,true,
1842711,highest-temperature-in-paris-on-april-7-2026-21c,Will the highest temperature in Paris be 21°C on April 7?,0x3001a27a8a4b406e30284ebdceac0c651decb015a949d9f0161ba8f8bc8c85de,48021917687113887640602102605667201977450342395138429234675787096765596982491,103800130074046414092216972227012543045173038373532738069751245115334023298809,Paris,Paris,2026-04-07,April 7,exact,21.0,,,C,1C,daily_high,ok,FR,LFPG,49.0097,2.5479,Europe/Paris,WU,https://www.wunderground.com/history/daily/fr/paris/LFPG,true,
1842712,highest-temperature-in-paris-on-april-7-2026-22c,Will the highest temperature in Paris be 22°C on April 7?,0x2fe27b2de366a5e9d8ddb8609fee194eef916d4acebd46e064f9be0a8a5b7082,84844201617367804244881815332999975650649856252512262623979696750560691334731,7564044021635140796172068414838278495545612906031199669292558355458986390127,Paris,Paris,2026-04-07,April 7,exact,22.0,,,C,1C,daily_high,ok,FR,LFPG,49.0097,2.5479,Europe/Paris,WU,https://www.wunderground.com/history/daily/fr/paris/LFPG,true,
1842713,highest-temperature-in-paris-on-april-7-2026-23c,Will the highest temperature in Paris be 23°C on April 7?,0x36a162a432f168b43723ab29f5e3cc15db18b61c6d60eac3e3db65fdd92e1398,52037436805031226940642678087898743743006193410950396827661697853441950314389,105208832899051393098077186100114339577627886454382838349312878885544179885346,Paris,Paris,2026-04-07,April 7,exact,23.0,,,C,1C,daily_high,ok,FR,LFPG,49.0097,2.5479,Europe/Paris,WU,https://www.wunderground.com/history/daily/fr/paris/LFPG,true,
1842714,highest-temperature-in-paris-on-april-7-2026-24c,Will the highest temperature in Paris be 24°C on April 7?,0x4ade03c320cb88816d9e54f6ae7101c9a5fadd307b9359239e48b16ccbce5376,99527248117115465230817660050979224355966400352492594636105751726023922313332,21689650345861583354990747962712853129997478801883141010843740642140361567932,Paris,Paris,2026-04-07,April 7,exact,24.0,,,C,1C,daily_high,ok,FR,LFPG,49.0097,2.5479,Europe/Paris,WU,https://www.wunderground.com/history/daily/fr/paris/LFPG,true,
1842715,highest-temperature-in-paris-on-april-7-2026-25c,Will the highest temperature in Paris be 25°C on April 7?,0x5a6cb18f95cd43fb75d5b440126ea9f5638ebcec474b3e2e9f24b7d1ac71af00,108731932463074609046346796616601641455710659782182070594468031287992250540165,78805424172271023690787207914099334261087246853795181727244151135874995492843,Paris,Paris,2026-04-07,April 7,exact,25.0,,,C,1C,daily_high,ok,FR,LFPG,49.0097,2.5479,Europe/Paris,WU,https://www.wunderground.com/history/daily/fr/paris/LFPG,true,
1842716,highest-temperature-in-paris-on-april-7-2026-26c,Will the highest temperature in Paris be 26°C on April 7?,0xd3a353f795c7b4318355ff76a632d89d5788b4e1b0415b584e2c93023b6a2df0,23257076381800668212712956672914253575183666555965744644854041400584606259804,64323187080289092042969498907597344466341467951603246451073678073231046446215,Paris,Paris,2026-04-07,April 7,exact,26.0,,,C,1C,daily_high,ok,FR,LFPG,49.0097,2.5479,Europe/Paris,WU,https://www.wunderground.com/history/daily/fr/paris/LFPG,true,
1842717,highest-temperature-in-paris-on-april-7-2026-27c,Will the highest temperature in Paris be 27°C on April 7?,0x4ffa228e58ecc8246077d6ef7f6932de2bd4f7a7ec6b2d7b24f6cbd74d9df41b,114777038208920255162751205433181379686464809847241336323606124171693073291475,60544357933740145250924595301305397819754793791470353732152049812954447439040,Paris,Paris,2026-04-07,April 7,exact,27.0,,,C,1C,daily_high,ok,FR,LFPG,49.0097,2.5479,Europe/Paris,WU,https://www.wunderground.com/history/daily/fr/paris/LFPG,true,
1842718,highest-temperature-in-paris-on-april-7-2026-28corhigher,Will the highest temperature in Paris be 28°C or higher on April 7?,0x12edd502490e1f71b1dcf6fa31587c69ee0f6758580debbc7db0a2ad870c6267,113280852675949332377113545007922470492244047248517354268293882556639571962456,57944860006372002453424103990155653994855370180973174472383576545764146551153,Paris,Paris,2026-04-07,April 7,higher,28.0,,,C,1C,daily_high,ok,FR,LFPG,49.0097,2.5479,Europe/Paris,WU,https://www.wunderground.com/history/daily/fr/paris/LFPG,true,
1854400,highest-temperature-in-london-on-april-8-2026-14corbelow,Will the highest temperature in London be 14°C or below on April 8?,0xcbcfce46f7b300be8a349a0e9107ea61d0741464e973892f41fac644ef74d4cc,51486990430828950032047285784650043331485691083000450055382147329690359487442,108311307921235652720112257069723006383658170725330631133812620086442566842071,London,London,2026-04-08,April 8,below,14.0,,,C,1C,daily_high,ok,GB,EGLC,51.5048,0.0495,Europe/London,WU,https://www.wunderground.com/history/daily/gb/london/EGLC,true,
1854401,highest-temperature-in-london-on-april-8-2026-15c,Will the highest temperature in London be 15°C on April 8?,0x6ff5e7d8d399b5bab51f11b2e0c0f543cbfbf314c9de3750bdd6452ad126be66,45087568640264132703024439723287197054912004907793394575098578289907354753230,91503361928248126114465758744993967873154517041216910631052917755215313636265,London,London,2026-04-08,April 8,exact,15.0,,,C,1C,daily_high,ok,GB,EGLC,51.5048,0.0495,Europe/London,WU,https://www.wunderground.com/history/daily/gb/london/EGLC,true,
1854403,highest-temperature-in-london-on-april-8-2026-16c,Will the highest temperature in London be 16°C on April 8?,0x7cb9d447be0104769cb3bdd076bdeee7429b35980657d68fa88b1ffd15ca824e,42899983577634534257258435381190050260659629653472123743486167744064035366961,4688835069798975167168139087847857649116039243481457224173924141083721357963,London,London,2026-04-08,April 8,exact,16.0,,,C,1C,daily_high,ok,GB,EGLC,51.5048,0.0495,Europe/London,WU,https://www.wunderground.com/history/daily/gb/london/EGLC,true,
1854404,highest-temperature-in-london-on-april-8-2026-17c,Will the highest temperature in London be 17°C on April 8?,0x4dd2fc37ccabb6129fa6a0a90ba3f252e6f705a2f897dafd37d68cc2dd4c30cd,66929511734080916495590379673113447862645612883031283249354809138794523185668,12911836687047358561619301750776524459093609547587506758558149697756389932838,London,London,2026-04-08,April 8,exact,17.0,,,C,1C,daily_high,ok,GB,EGLC,51.5048,0.0495,Europe/London,WU,https://www.wunderground.com/history/daily/gb/london/EGLC,true,
1854405,highest-temperature-in-london-on-april-8-2026-18c,Will the highest temperature in London be 18°C on April 8?,0x59e1031de7297845aca56cf61ff3e17101a6609e5b40ca994a80ed31b61e1393,16708879633741297954717567686755562945153469626901573965234810096445955570156,12592340265964467512481738677046373856690332459900735296513644736266324088150,London,London,2026-04-08,April 8,exact,18.0,,,C,1C,daily_high,ok,GB,EGLC,51.5048,0.0495,Europe/London,WU,https://www.wunderground.com/history/daily/gb/london/EGLC,true,
1854406,highest-temperature-in-london-on-april-8-2026-19c,Will the highest temperature in London be 19°C on April 8?,0x7fd5d8f657fd4fe9d6bf2ebb448e1db0b27e60c0284f7702083d856bb4906c4b,91980318489758354986477927244800493859805696909250717847080519853157365935558,16628828046630597075870792393680266054722665227675284342545822930119514499357,London,London,2026-04-08,April 8,exact,19.0,,,C,1C,daily_high,ok,GB,EGLC,51.5048,0.0495,Europe/London,WU,https://www.wunderground.com/history/daily/gb/london/EGLC,true,
1854407,highest-temperature-in-london-on-april-8-2026-20c,Will the highest temperature in London be 20°C on April 8?,0x9598ec42f3f0a0a6031100f9bb960445e159a1216d574a68815e2419e33056fb,57321198068569932445410133714457247805475356003162208127943139225702632678409,8049656138292392674567766882722425110598592964479817515241147084753859229558,London,London,2026-04-08,April 8,exact,20.0,,,C,1C,daily_high,ok,GB,EGLC,51.5048,0.0495,Europe/London,WU,https://www.wunderground.com/history/daily/gb/london/EGLC,true,
1854409,highest-temperature-in-london-on-april-8-2026-21c,Will the highest temperature in London be 21°C on April 8?,0xdb06f8b5da84e62dfb760c634bce52351d5b0d050fab45df109d5fc996c60b40,102439626624483285596457278754375481069029133456071042051803430266071143968621,63583794825137632664104236220707942923451153707982044407398081373307843047856,London,London,2026-04-08,April 8,exact,21.0,,,C,1C,daily_high,ok,GB,EGLC,51.5048,0.0495,Europe/London,WU,https://www.wunderground.com/history/daily/gb/london/EGLC,true,
1854410,highest-temperature-in-london-on-april-8-2026-22c,Will the highest temperature in London be 22°C on April 8?,0xa472070bd98d4513156aaf19211887c5a188374e671c581cdd9fe97287609b52,66317197196398537459388800960503686155663880757896776201613113832735367527247,89508212748885489829597628691256060091925760617239014719739767703671740677873,London,London,2026-04-08,April 8,exact,22.0,,,C,1C,daily_high,ok,GB,EGLC,51.5048,0.0495,Europe/London,WU,https://www.wunderground.com/history/daily/gb/london/EGLC,true,
1854411,highest-temperature-in-london-on-april-8-2026-23c,Will the highest temperature in London be 23°C on April 8?,0x7d03f76268a14b0b14c6685a41b260277de359c1da6bd5b5045cd5d29f9824c5,9489626373869878609385137997094108266252699768282200599045503865041302702758,80287920232566884196259154716800298336395283633078957515314907753452460278477,London,London,2026-04-08,April 8,exact,23.0,,,C,1C,daily_high,ok,GB,EGLC,51.5048,0.0495,Europe/London,WU,https://www.wunderground.com/history/daily/gb/london/EGLC,true,
1854412,highest-temperature-in-london-on-april-8-2026-24corhigher,Will the highest temperature in London be 24°C or higher on April 8?,0xd2b12e0f569108295092ea66e4a794359f185a317a3792defba9501d394d261d,23289522145364182340150720907697447946889855255601121822803396095180485640546,26665117716866443927605844776238476958938287816416803127503873856200742006833,London,London,2026-04-08,April 8,higher,24.0,,,C,1C,daily_high,ok,GB,EGLC,51.5048,0.0495,Europe/London,WU,https://www.wunderground.com/history/daily/gb/london/EGLC,true,
1854420,highest-temperature-in-paris-on-april-8-2026-18corbelow,Will the highest temperature in Paris be 18°C or below on April 8?,0x155ef2c254a5b6e6cbfd1716596a57009817d68be80b136ffc2ce0535bfeee77,27705078467648100391622858788468116389678163934946742709344324908654400230553,13181326065170413379823334850102446988639195121424966470545769196047533376962,Paris,Paris,2026-04-08,April 8,below,18.0,,,C,1C,daily_high,ok,FR,LFPG,49.0097,2.5479,Europe/Paris,WU,https://www.wunderground.com/history/daily/fr/paris/LFPG,true,
1854421,highest-temperature-in-paris-on-april-8-2026-19c,Will the highest temperature in Paris be 19°C on April 8?,0x3bcbf83e1d42deeeee69dc945ba55c39bfb47ed5a1e891cac17b83f851cf38db,39690056075451849703424205586778760274311019914761462895109913899021030294913,35443253646712472042479989722660427596996575901486240626434086249465570911497,Paris,Paris,2026-04-08,April 8,exact,19.0,,,C,1C,daily_high,ok,FR,LFPG,49.0097,2.5479,Europe/Paris,WU,https://www.wunderground.com/history/daily/fr/paris/LFPG,true,
1854422,highest-temperature-in-paris-on-april-8-2026-20c,Will the highest temperature in Paris be 20°C on April 8?,0x6bf1c081b2c850dced60bf87d04ab225e3ce65da19cfe6edce2c5d77181f8460,96087930330955217732623608965593002102791749066306377686695819286813156338708,44052411555478493942793144540660037311618874219349152949267596659455050916037,Paris,Paris,2026-04-08,April 8,exact,20.0,,,C,1C,daily_high,ok,FR,LFPG,49.0097,2.5479,Europe/Paris,WU,https://www.wunderground.com/history/daily/fr/paris/LFPG,true,
1854424,highest-temperature-in-paris-on-april-8-2026-21c,Will the highest temperature in Paris be 21°C on April 8?,0xdc68084b944c0e476615d63a91a3913e869250e2adea1fb9496c4930038a0b67,13875638738534269650043918832416344030520080564919690591087371895387144175558,74776360633683256311899134127201013667405526729839461803889504068117058678054,Paris,Paris,2026-04-08,April 8,exact,21.0,,,C,1C,daily_high,ok,FR,LFPG,49.0097,2.5479,Europe/Paris,WU,https://www.wunderground.com/history/daily/fr/paris/LFPG,true,
1854425,highest-temperature-in-paris-on-april-8-2026-22c,Will the highest temperature in Paris be 22°C on April 8?,0x89c66b6b354c24dbcb4d0ae644757ba602142005f1ec7840565b5fd37fa708c3,44394042602635459284062340048533716988167174967941073835024741862543749652733,81324025781379289675254171541545244415538111606631236952859331808005341339115,Paris,Paris,2026-04-08,April 8,exact,22.0,,,C,1C,daily_high,ok,FR,LFPG,49.0097,2.5479,Europe/Paris,WU,https://www.wunderground.com/history/daily/fr/paris/LFPG,true,
1854427,highest-temperature-in-paris-on-april-8-2026-23c,Will the highest temperature in Paris be 23°C on April 8?,0xc80b5ea49ce8fbded50d43d4ff5b224cfe3448a9531be4fbd9175f45cb840db1,21136005828032261145208286706687897285659255682289651101824566544569463930802,22079709063537585997138552497055596338546965404577265419116793035699153218764,Paris,Paris,2026-04-08,April 8,exact,23.0,,,C,1C,daily_high,ok,FR,LFPG,49.0097,2.5479,Europe/Paris,WU,https://www.wunderground.com/history/daily/fr/paris/LFPG,true,
1854428,highest-temperature-in-paris-on-april-8-2026-24c,Will the highest temperature in Paris be 24°C on April 8?,0x07e459dd4218acc7173de49d430646c3c15382d744712ecdf22b816578da38c2,4862093882181723179970532439051423541178444947087756352328307593921778945125,23813038587563022431813090041180787003533283183542327206256089253146293217000,Paris,Paris,2026-04-08,April 8,exact,24.0,,,C,1C,daily_high,ok,FR,LFPG,49.0097,2.5479,Europe/Paris,WU,https://www.wunderground.com/history/daily/fr/paris/LFPG,true,
1854429,highest-temperature-in-paris-on-april-8-2026-25c,Will the highest temperature in Paris be 25°C on April 8?,0xbb7280e2fd5e62c3f426791a5b163ab38548920c869c2090553ec1759919f03f,9748955640135090023114796443639406103416557508475332356265462368037483127191,59004608524589981166839382922703361722541759465103756213836452933012802163516,Paris,Paris,2026-04-08,April 8,exact,25.0,,,C,1C,daily_high,ok,FR,LFPG,49.0097,2.5479,Europe/Paris,WU,https://www.wunderground.com/history/daily/fr/paris/LFPG,true,
1854430,highest-temperature-in-paris-on-april-8-2026-26c,Will the highest temperature in Paris be 26°C on April 8?,0x83d16882b45ef02746803d531345e54ecc284c763802eed05291fd993964f630,84230456306371753705986291195079484759166394105769836573346926791836510157337,93931882473674472349338345824453195337724078856052101485679850477214410946239,Paris,Paris,2026-04-08,April 8,exact,26.0,,,C,1C,daily_high,ok,FR,LFPG,49.0097,2.5479,Europe/Paris,WU,https://www.wunderground.com/history/daily/fr/paris/LFPG,true,
1854431,highest-temperature-in-paris-on-april-8-2026-27c,Will the highest temperature in Paris be 27°C on April 8?,0x61a29065627a1e6277b2a237828550fc94162187d0c9454a7a64632c19df495e,23162186419010904036743516562008026278557172924975372505088297313813867688053,26790674826615202120832311787039359924507718701786546533273763856701910734881,Paris,Paris,2026-04-08,April 8,exact,27.0,,,C,1C,daily_high,ok,FR,LFPG,49.0097,2.5479,Europe/Paris,WU,https://www.wunderground.com/history/daily/fr/paris/LFPG,true,
1854432,highest-temperature-in-paris-on-april-8-2026-28corhigher,Will the highest temperature in Paris be 28°C or higher on April 8?,0x9df658d5cd717192aebaf81c81530be23eb8304abd26de7b686147b3f5e49c21,87428654483957412038089837738613699191707044881349237421883860315823466847063,72919447980472099817002148136142695695824090888850151466540989435111936792268,Paris,Paris,2026-04-08,April 8,higher,28.0,,,C,1C,daily_high,ok,FR,LFPG,49.0097,2.5479,Europe/Paris,WU,https://www.wunderground.com/history/daily/fr/paris/LFPG,true,
1871579,highest-temperature-in-london-on-april-9-2026-15corbelow,Will the highest temperature in London be 15°C or below on April 9?,0xb069f152093fbd3c4dd8afdcfd2afd0528c0d3a6bdc2f699085b1182baafba8c,94281170827587134553073252224630458619829083443088239213340664503426763783777,42617384739829186308151544246758256542810279871646462969815553764815525090622,London,London,2026-04-09,April 9,below,15.0,,,C,1C,daily_high,ok,GB,EGLC,51.5048,0.0495,Europe/London,WU,https://www.wunderground.com/history/daily/gb/london/EGLC,true,
1871580,highest-temperature-in-london-on-april-9-2026-16c,Will the highest temperature in London be 16°C on April 9?,0x3818531905d007cfbb6701440ea14f7ed4f350fdda72726a9b7c218017ea5e1c,108845637415529651729749340473871872968548322877654919222022986631629638306258,76430651071286643758668276419688770328103394992167303395600838709763992908647,London,London,2026-04-09,April 9,exact,16.0,,,C,1C,daily_high,ok,GB,EGLC,51.5048,0.0495,Europe/London,WU,https://www.wunderground.com/history/daily/gb/london/EGLC,true,
1871582,highest-temperature-in-london-on-april-9-2026-17c,Will the highest temperature in London be 17°C on April 9?,0x34ab1ad3554ad56d777890c4c4e02e2f7478ba7a06ac25dac89fdf11eb35357d,65532417325772153540477825141542551850402904074531974791271393275955651235234,85264241559941832919313557629612214078819952938431446794649914580661146855849,London,London,2026-04-09,April 9,exact,17.0,,,C,1C,daily_high,ok,GB,EGLC,51.5048,0.0495,Europe/London,WU,https://www.wunderground.com/history/daily/gb/london/EGLC,true,
1871583,highest-temperature-in-london-on-april-9-2026-18c,Will the highest temperature in London be 18°C on April 9?,0x771ed3ecaa03e861b66897c06a6b33080ff31df969c2b721cc8fe4bf0163c78c,85478893573760333327122023118947326255059018017726618257436988068908562007457,28632022589272521182452123559831055687996377214944978918729707955044824613448,London,London,2026-04-09,April 9,exact,18.0,,,C,1C,daily_high,ok,GB,EGLC,51.5048,0.0495,Europe/London,WU,https://www.wunderground.com/history/daily/gb/london/EGLC,true,
1871584,highest-temperature-in-london-on-april-9-2026-19c,Will the highest temperature in London be 19°C on April 9?,0xa7d0f39fa8e66d28e9dc3352dce409efe3b212c499b04a3b1c9f2209bb8f397d,30834420846804867350555922321325171580698037309899835192283583965085707024966,48126888800433211443245009966588708952786207608301977922202737433343737782941,London,London,2026-04-09,April 9,exact,19.0,,,C,1C,daily_high,ok,GB,EGLC,51.5048,0.0495,Europe/London,WU,https://www.wunderground.com/history/daily/gb/london/EGLC,true,
1871585,highest-temperature-in-london-on-april-9-2026-20c,Will the highest temperature in London be 20°C on April 9?,0xf92a10ba02dd37699ce3179f10a89d5c9c0a120df9a0bcc466411b4430a45522,14527584396695665833241298217499017952891256733639573233728653704418874499239,14392419608140871471542703384814663333801834955717593971487582910014558935721,London,London,2026-04-09,April 9,exact,20.0,,,C,1C,daily_high,ok,GB,EGLC,51.5048,0.0495,Europe/London,WU,https://www.wunderground.com/history/daily/gb/london/EGLC,true,
1871586,highest-temperature-in-london-on-april-9-2026-21c,Will the highest temperature in London be 21°C on April 9?,0x162af116f6439b9dc72c027c07067c028786491db759545306c09f0272f39b9a,87961385147060320208689166228498007428527047520912404664765159449827759183636,29802865992584956417972799649693152760121934486865230842013254154142931993511,London,London,2026-04-09,April 9,exact,21.0,,,C,1C,daily_high,ok,GB,EGLC,51.5048,0.0495,Europe/London,WU,https://www.wunderground.com/history/daily/gb/london/EGLC,true,
1871588,highest-temperature-in-london-on-april-9-2026-22c,Will the highest temperature in London be 22°C on April 9?,0x59f9a56c8df5f043b34833979caf33e7f7be37dbe0a1e8638a01ca250d949b56,1255225084032380378958772152110057554780012546818584173224752448787553063269,20702537579196305849129549669730618464389019701970020323285578709214218151623,London,London,2026-04-09,April 9,exact,22.0,,,C,1C,daily_high,ok,GB,EGLC,51.5048,0.0495,Europe/London,WU,https://www.wunderground.com/history/daily/gb/london/EGLC,true,
1871589,highest-temperature-in-london-on-april-9-2026-23c,Will the highest temperature in London be 23°C on April 9?,0x52cb09a65c55d218e0ba22cc7e4dbeaa922e614b51c6dfc241c56da5ed13cdda,70863463701492797688945597108381030023814452019421374009522771358294240955247,68666748262047771847764105304415762965379068586871181121096672816359120148376,London,London,2026-04-09,April 9,exact,23.0,,,C,1C,daily_high,ok,GB,EGLC,51.5048,0.0495,Europe/London,WU,https://www.wunderground.com/history/daily/gb/london/EGLC,true,
1871590,highest-temperature-in-london-on-april-9-2026-24c,Will the highest temperature in London be 24°C on April 9?,0x351266b9506c2e28a70ff5f5e0ead310d93f3bc62892382eccbf12ffde041d90,82331794955265860246234153111927557749980291511652339198682813370068142061148,48180074252995556746201671478681424233075036970867934869562953503214317780447,London,London,2026-04-09,April 9,exact,24.0,,,C,1C,daily_high,ok,GB,EGLC,51.5048,0.0495,Europe/London,WU,https://www.wunderground.com/history/daily/gb/london/EGLC,true,
1871591,highest-temperature-in-london-on-april-9-2026-25corhigher,Will the highest temperature in London be 25°C or higher on April 9?,0x559214307a0d5a662702cdc26877b7c1035c0803e1ea4d0d1a916f3586d5a0af,50185679163885432199593799646868187769125602636321071020213457771017305876772,80392650824973585112663757540812859653403221218433713900727919634493524723158,London,London,2026-04-09,April 9,higher,25.0,,,C,1C,daily_high,ok,GB,EGLC,51.5048,0.0495,Europe/London,WU,https://www.wunderground.com/history/daily/gb/london/EGLC,true,
1871596,highest-temperature-in-paris-on-april-9-2026-13corbelow,Will the highest temperature in Paris be 13°C or below on April 9?,0xde1a65abe8b825bb047e64956e9bf3f9847a95d4dac79fc396165693c96a8203,95086586194128664478311170082063280214356102068114498112784772912545191064048,81451982686880578059763640784567715646577562851883777816720055427621932675290,Paris,Paris,2026-04-09,April 9,below,13.0,,,C,1C,daily_high,ok,FR,LFPG,49.0097,2.5479,Europe/Paris,WU,https://www.wunderground.com/history/daily/fr/paris/LFPG,true,
1871597,highest-temperature-in-paris-on-april-9-2026-14c,Will the highest temperature in Paris be 14°C on April 9?,0x93da4055d7011cb479d67f868cb055aa935620acc09f0eda6d4716e4f7aae961,57661863831815860580449907114241562306465477101827357601541668168200843922140,32742328311069729348813061570160256243176185257999460803826427213886471069150,Paris,Paris,2026-04-09,April 9,exact,14.0,,,C,1C,daily_high,ok,FR,LFPG,49.0097,2.5479,Europe/Paris,WU,https://www.wunderground.com/history/daily/fr/paris/LFPG,true,
1871598,highest-temperature-in-paris-on-april-9-2026-15c,Will the highest temperature in Paris be 15°C on April 9?,0xce7680b1f1f4fec8d0d9e1fa1ed84085f90018030ef8c93b25f37bedf36a09aa,20284107843195428077292960622029526239131904944441561904929282734938804838824,95675251486038150858632827061449719396862877126746236919367500094655280963954,Paris,Paris,2026-04-09,April 9,exact,15.0,,,C,1C,daily_high,ok,FR,LFPG,49.0097,2.5479,Europe/Paris,WU,https://www.wunderground.com/history/daily/fr/paris/LFPG,true,
1871599,highest-temperature-in-paris-on-april-9-2026-16c,Will the highest temperature in Paris be 16°C on April 9?,0x3a1e4d238582041401e85d671edc36723cfeea29fc959c23b71fb4e0ed914712,43185187196232010499972588713560792443617480048407273238553650136619617250928,31250415241989190945852033428768879109284634067500407518856445231638372034308,Paris,Paris,2026-04-09,April 9,exact,16.0,,,C,1C,daily_high,ok,FR,LFPG,49.0097,2.5479,Europe/Paris,WU,https://www.wunderground.com/history/daily/fr/paris/LFPG,true,
1871600,highest-temperature-in-paris-on-april-9-2026-17c,Will the highest temperature in Paris be 17°C on April 9?,0x768151521c5e2b9ca7b20151dfdcc4f2013458b653b4c4b675b9b49bc989189e,96621083887891993925787147578477769694006435979952867876131550460457645017891,58931498400242806969193077766066763694404138058355073293851348946708700705699,Paris,Paris,2026-04-09,April 9,exact,17.0,,,C,1C,daily_high,ok,FR,LFPG,49.0097,2.5479,Europe/Paris,WU,https://www.wunderground.com/history/daily/fr/paris/LFPG,true,
1871602,highest-temperature-in-paris-on-april-9-2026-18c,Will the highest temperature in Paris be 18°C on April 9?,0xc1ca785549ef34c8acae9f4c9e8d13048f6cee8ea2dd1f3110df38ec7942877e,44138258855325880726402716382224903914929494225260707360910390629728380720364,84304818998023890203576138079950219783185691275464663732947240694454731991915,Paris,Paris,2026-04-09,April 9,exact,18.0,,,C,1C,daily_high,ok,FR,LFPG,49.0097,2.5479,Europe/Paris,WU,https://www.wunderground.com/history/daily/fr/paris/LFPG,true,
1871604,highest-temperature-in-paris-on-april-9-2026-19c,Will the highest temperature in Paris be 19°C on April 9?,0x2db20c04479677d62c5b60f78c1b89e9d13b95796b1e0e250085ede051444f6a,62266398286855814255576715348080343908412064771954380809050675011075193027024,33368297533589829001889786211008618171979971825285406077926080860631103734172,Paris,Paris,2026-04-09,April 9,exact,19.0,,,C,1C,daily_high,ok,FR,LFPG,49.0097,2.5479,Europe/Paris,WU,https://www.wunderground.com/history/daily/fr/paris/LFPG,true,
1871605,highest-temperature-in-paris-on-april-9-2026-20c,Will the highest temperature in Paris be 20°C on April 9?,0x005a96ca0a88d2294736fecb4a277b7f24c1511a99ff7a4612700c4464428162,59292778205095049048245589534896646921378591803830016222305746266418583063860,96144143302973475077523508063601168851862433099043950310987292685182202411240,Paris,Paris,2026-04-09,April 9,exact,20.0,,,C,1C,daily_high,ok,FR,LFPG,49.0097,2.5479,Europe/Paris,WU,https://www.wunderground.com/history/daily/fr/paris/LFPG,true,
1871606,highest-temperature-in-paris-on-april-9-2026-21c,Will the highest temperature in Paris be 21°C on April 9?,0x144774d5bfd96e32d82b61e042ef06a646515ece88c90a6f12c136bdb07755ed,48680339232912930979249125238461048348546875739707552830417418687721052550345,86584093269605180846437485519039668393933521389865066407686990309540744952378,Paris,Paris,2026-04-09,April 9,exact,21.0,,,C,1C,daily_high,ok,FR,LFPG,49.0097,2.5479,Europe/Paris,WU,https://www.wunderground.com/history/daily/fr/paris/LFPG,true,
1871608,highest-temperature-in-paris-on-april-9-2026-22c,Will the highest temperature in Paris be 22°C on April 9?,0x3d497e1ac4c41049a8bd6e6774998fa1d2cb3bd51a153c6d87e0d3273d0e36b3,80563161749983897287781107399437285844483724503656259446963270359373547041585,22520730159331684554333649963142454082059995038201526430587840159883351398214,Paris,Paris,2026-04-09,April 9,exact,22.0,,,C,1C,daily_high,ok,FR,LFPG,49.0097,2.5479,Europe/Paris,WU,https://www.wunderground.com/history/daily/fr/paris/LFPG,true,
1871609,highest-temperature-in-paris-on-april-9-2026-23corhigher,Will the highest temperature in Paris be 23°C or higher on April 9?,0xfc8ec58edf52d4a96b289dcbce762cf63379dd2ebf6968fccaeb790d0f4cd9ed,65066664785175741503356907258071015148884700598712431606538274537256646490747,42204107504762218044628231566451685225958338001274931590463799755218294781851,Paris,Paris,2026-04-09,April 9,higher,23.0,,,C,1C,daily_high,ok,FR,LFPG,49.0097,2.5479,Europe/Paris,WU,https://www.wunderground.com/history/daily/fr/paris/LFPG,true,
1886249,highest-temperature-in-london-on-april-10-2026-16corbelow,Will the highest temperature in London be 16°C or below on April 10?,0x2ced5faaa1625ec6681806c36f6c59373c8c3d601b1bbfab8938b5bd4085f7ae,71328861960633218128775842707342038180839586433989396667827471063146760608256,40756756736401099940105525210827249970250701349972364298791188711818580921097,London,London,2026-04-10,April 10,below,16.0,,,C,1C,daily_high,ok,GB,EGLC,51.5048,0.0495,Europe/London,WU,https://www.wunderground.com/history/daily/gb/london/EGLC,true,
1886251,highest-temperature-in-london-on-april-10-2026-17c,Will the highest temperature in London be 17°C on April 10?,0x35b47285c195a3e7e4476243aeb6a9f1d1ca759b20887cff2cdb535cc9402c14,27247468569886867230848892898212767899282866350566322433338398504571379831232,19057187771541516130227641913025118976263691678881964865203921373024363730751,London,London,2026-04-10,April 10,exact,17.0,,,C,1C,daily_high,ok,GB,EGLC,51.5048,0.0495,Europe/London,WU,https://www.wunderground.com/history/daily/gb/london/EGLC,true,
1886252,highest-temperature-in-london-on-april-10-2026-18c,Will the highest temperature in London be 18°C on April 10?,0x139621b449f33dab51ac0411a355279be6aaf4017ae6a7617a80ef8b0fe68394,73451713259216962137691566582409822567581819212079961540344116389382056260968,11335268700303682024880419941337618681208784651799707956593077633283861642910,London,London,2026-04-10,April 10,exact,18.0,,,C,1C,daily_high,ok,GB,EGLC,51.5048,0.0495,Europe/London,WU,https://www.wunderground.com/history/daily/gb/london/EGLC,true,
1886253,highest-temperature-in-london-on-april-10-2026-19c,Will the highest temperature in London be 19°C on April 10?,0x2e2f7a962eb8cef4eb40a998eb03db470404ae37891f0270cf553c664ed465b8,21105545256057441649480214598731224620866292309882572509353748789166450654758,60058292109681283721568460361263684896775744205767157410117641746974521138282,London,London,2026-04-10,April 10,exact,19.0,,,C,1C,daily_high,ok,GB,EGLC,51.5048,0.0495,Europe/London,WU,https://www.wunderground.com/history/daily/gb/london/EGLC,true,
1886254,highest-temperature-in-london-on-april-10-2026-20c,Will the highest temperature in London be 20°C on April 10?,0x6b794a95b95e537742bd91b17a9b507c115d649838d4c37480e2b8254c9c3771,27063644844543477505649140350512580088022466139848324693421908090691570415827,46954333350340887564124485605295731400029540899349928053605526223724259028280,London,London,2026-04-10,April 10,exact,20.0,,,C,1C,daily_high,ok,GB,EGLC,51.5048,0.0495,Europe/London,WU,https://www.wunderground.com/history/daily/gb/london/EGLC,true,
1886255,highest-temperature-in-london-on-april-10-2026-21c,Will the highest temperature in London be 21°C on April 10?,0xb1e8c3a777ff58c6846c15a56cd6984ee59f3eaf9b0efb59d49db1f150625f89,62150640390462346935196566640561879869076369770430736271144042485609734753701,25084151966660765021970145181589555239353689570813854016323621117309964721187,London,London,2026-04-10,April 10,exact,21.0,,,C,1C,daily_high,ok,GB,EGLC,51.5048,0.0495,Europe/London,WU,https://www.wunderground.com/history/daily/gb/london/EGLC,true,
1886256,highest-temperature-in-london-on-april-10-2026-22c,Will the highest temperature in London be 22°C on April 10?,0xaa43bb94cbfe177a01d9ff3fd384c18e8ccd93e2df52881afc6cbc18eb00a17f,113278330978575470297102779570698694099357492640074267997391102980143003899957,72753883336688890500753869750582415844807931785734514437252791861185679219241,London,London,2026-04-10,April 10,exact,22.0,,,C,1C,daily_high,ok,GB,EGLC,51.5048,0.0495,Europe/London,WU,https://www.wunderground.com/history/daily/gb/london/EGLC,true,
1886257,highest-temperature-in-london-on-april-10-2026-23c,Will the highest temperature in London be 23°C on April 10?,0xf1acc3203fda382768cbb887fb42c52b6232858d1da96957bd20d20851d4f11b,27564002056609552440396969306342107366793468807048012156541964887351597767058,5259007312987332573976715452815531617445932947663116782501134453518993786284,London,London,2026-04-10,April 10,exact,23.0,,,C,1C,daily_high,ok,GB,EGLC,51.5048,0.0495,Europe/London,WU,https://www.wunderground.com/history/daily/gb/london/EGLC,true,
1886258,highest-temperature-in-london-on-april-10-2026-24c,Will the highest temperature in London be 24°C on April 10?,0xb35d0c121cebad694592923d5c981fda83f29326ebba4829e9b575edaac0e9cc,108310632217836645659766362559654456270813713311680919301362791998485881467024,83058662479623831424716468112473120431590117209207799364762187814965865306981,London,London,2026-04-10,April 10,exact,24.0,,,C,1C,daily_high,ok,GB,EGLC,51.5048,0.0495,Europe/London,WU,https://www.wunderground.com/history/daily/gb/london/EGLC,true,
1886259,highest-temperature-in-london-on-april-10-2026-25c,Will the highest temperature in London be 25°C on April 10?,0xc6402e6dd382fe3aecc8b711877e7b09b849af0ef49fb799cf998f6373573124,77865955857716771865837464377557171233182460316878043035872849853154576779935,94976695449234082626599537001419193448469982696586364808949964193959902448221,London,London,2026-04-10,April 10,exact,25.0,,,C,1C,daily_high,ok,GB,EGLC,51.5048,0.0495,Europe/London,WU,https://www.wunderground.com/history/daily/gb/london/EGLC,true,
1886261,highest-temperature-in-london-on-april-10-2026-26corhigher,Will the highest temperature in London be 26°C or higher on April 10?,0xcad31efaa56d85f17f98bcea075e80d6066f4f1bc308ee9c67f9a134ff24d2aa,87823550687922897423492018972883281798841145292943885152820054767802867120867,106398509529975489321828175806011449697474394693577957417242819265579940481166,London,London,2026-04-10,April 10,higher,26.0,,,C,1C,daily_high,ok,GB,EGLC,51.5048,0.0495,Europe/London,WU,https://www.wunderground.com/history/daily/gb/london/EGLC,true,
1886266,highest-temperature-in-paris-on-april-10-2026-18corbelow,Will the highest temperature in Paris be 18°C or below on April 10?,0xa736c54b64a36edc657763bab62b32ffce52fc59b8e57448943d579926ce619e,92805609189199379670628594547633937609445216173486929462607416077287692150365,33963707929142276022776723843952810190484208235913898824455439280958814378627,Paris,Paris,2026-04-10,April 10,below,18.0,,,C,1C,daily_high,ok,FR,LFPG,49.0097,2.5479,Europe/Paris,WU,https://www.wunderground.com/history/daily/fr/paris/LFPG,true,
1886267,highest-temperature-in-paris-on-april-10-2026-19c,Will the highest temperature in Paris be 19°C on April 10?,0x8933195f8379c2c10ddb5fdad7f53199c0d9facc226d473408387ab88cfe7c6c,30717793873822908248787985073154395638055214958691757397199281614058717585920,33682897180816068002825840447310145425719211125156977853515771962966186261184,Paris,Paris,2026-04-10,April 10,exact,19.0,,,C,1C,daily_high,ok,FR,LFPG,49.0097,2.5479,Europe/Paris,WU,https://www.wunderground.com/history/daily/fr/paris/LFPG,true,
1886268,highest-temperature-in-paris-on-april-10-2026-20c,Will the highest temperature in Paris be 20°C on April 10?,0xd62e774dafdca939806ad492c4ef182a2e96b30351b1227b7d7d3bd5741954b9,54850779345907324135392008125253271296224179344821822179242278543667427059281,22497572711112331815886002052300919092242244882529871235198627312569954040728,Paris,Paris,2026-04-10,April 10,exact,20.0,,,C,1C,daily_high,ok,FR,LFPG,49.0097,2.5479,Europe/Paris,WU,https://www.wunderground.com/history/daily/fr/paris/LFPG,true,
1886269,highest-temperature-in-paris-on-april-10-2026-21c,Will the highest temperature in Paris be 21°C on April 10?,0x574b9954ac44fcb441036bb18abafe2b2838c7ddae8a199ea81eb95b2d0eb987,102505474341721875215587451686698746228657663670620931789808219354396810448794,5217690810923322609205655152910779408183174687889103646312111050071728497208,Paris,Paris,2026-04-10,April 10,exact,21.0,,,C,1C,daily_high,ok,FR,LFPG,49.0097,2.5479,Europe/Paris,WU,https://www.wunderground.com/history/daily/fr/paris/LFPG,true,
1886270,highest-temperature-in-paris-on-april-10-2026-22c,Will the highest temperature in Paris be 22°C on April 10?,0x28bb1631bb14dd36aadb70fcaccbf281a8dff7b5547b793757375d3924e6290b,70324473789009426989646801268221494727508981616811314735874051068210480504857,52664131949488188844388411098778935787394464671270743282094779271977352961258,Paris,Paris,2026-04-10,April 10,exact,22.0,,,C,1C,daily_high,ok,FR,LFPG,49.0097,2.5479,Europe/Paris,WU,https://www.wunderground.com/history/daily/fr/paris/LFPG,true,
1886271,highest-temperature-in-paris-on-april-10-2026-23c,Will the highest temperature in Paris be 23°C on April 10?,0x8ca0bd5c5c88bc053ac98421ed3e334a635fc11b01781668b14b6c807be385fe,4432247820184159549196591611146582144957560578810274457683819219120442920492,111490284254638175525100971682707089323030747927276773627514254751907913511368,Paris,Paris,2026-04-10,April 10,exact,23.0,,,C,1C,daily_high,ok,FR,LFPG,49.0097,2.5479,Europe/Paris,WU,https://www.wunderground.com/history/daily/fr/paris/LFPG,true,
1886272,highest-temperature-in-paris-on-april-10-2026-24c,Will the highest temperature in Paris be 24°C on April 10?,0x86644fbed95803ede97821a5eca5a6bcc5964c89af682f006387e675c51e5e5a,105528789089259546026508392646979138103578962550814982619064798780093833920465,32632591006253757010398805587172943293113911127471318575356209249935240109936,Paris,Paris,2026-04-10,April 10,exact,24.0,,,C,1C,daily_high,ok,FR,LFPG,49.0097,2.5479,Europe/Paris,WU,https://www.wunderground.com/history/daily/fr/paris/LFPG,true,
1886273,highest-temperature-in-paris-on-april-10-2026-25c,Will the highest temperature in Paris be 25°C on April 10?,0x264de4cfcce47ea25faf3a92db7448d5dcac6db2ab53fea846d92d569ab375a4,22698577377054054353732250524160760010019689269959179521844599587596049299220,44919809342371347358091752299398624211344828211021618975253855714724605865984,Paris,Paris,2026-04-10,April 10,exact,25.0,,,C,1C,daily_high,ok,FR,LFPG,49.0097,2.5479,Europe/Paris,WU,https://www.wunderground.com/history/daily/fr/paris/LFPG,true,
1886274,highest-temperature-in-paris-on-april-10-2026-26c,Will the highest temperature in Paris be 26°C on April 10?,0x040343f4e8789f34ca8b5814b35d3faab9d25f5fa2db174c6346572f5899a471,60748635149189726790831097890955262470644410268914249955702479864352984583852,31400273208559396461427100127051994721320232732396895626229664475874096131551,Paris,Paris,2026-04-10,April 10,exact,26.0,,,C,1C,daily_high,ok,FR,LFPG,49.0097,2.5479,Europe/Paris,WU,https://www.wunderground.com/history/daily/fr/paris/LFPG,true,
1886275,highest-temperature-in-paris-on-april-10-2026-27c,Will the highest temperature in Paris be 27°C on April 10?,0xc9eb715af97d2a44cb58ce0b352ec86f1a7db6f8f2ae64d2b92c79fe54813563,94162910594446002624824678587482533609107836457278925587387646897718662150967,85678744277154645038762489997209421140236110141451393610888036480656359681429,Paris,Paris,2026-04-10,April 10,exact,27.0,,,C,1C,daily_high,ok,FR,LFPG,49.0097,2.5479,Europe/Paris,WU,https://www.wunderground.com/history/daily/fr/paris/LFPG,true,
1886276,highest-temperature-in-paris-on-april-10-2026-28corhigher,Will the highest temperature in Paris be 28°C or higher on April 10?,0xd748535092494111208db0c336942e600e5d0fda681840d94243db7bf3c98b59,63521031148773993756012434229921415067475226237539803287206547619266489046744,30909030528396415837961689030585756913859346218612632290109436680328517262762,Paris,Paris,2026-04-10,April 10,higher,28.0,,,C,1C,daily_high,ok,FR,LFPG,49.0097,2.5479,Europe/Paris,WU,https://www.wunderground.com/history/daily/fr/paris/LFPG,true,
1901621,highest-temperature-in-london-on-april-11-2026-13corbelow,Will the highest temperature in London be 13°C or below on April 11?,0xc77d5b3ef4fe5c81cd166106063fb0aee4fd29f7ecc0dbf500b4f7dba7f9820b,25500110573418678470819407927842293538322307496631326549634614680736892466552,23280467714948967976922574069975790558389424924745566527841677789445413228101,London,London,2026-04-11,April 11,below,13.0,,,C,1C,daily_high,ok,GB,EGLC,51.5048,0.0495,Europe/London,WU,https://www.wunderground.com/history/daily/gb/london/EGLC,true,
1901622,highest-temperature-in-london-on-april-11-2026-14c,Will the highest temperature in London be 14°C on April 11?,0x8370a2d2f66036faf8844965fae425601c590b02602f6f348ce280bae7285ed4,3256139010248330628832463906628821325665900216449701426498564702162267794120,66839366347623325743987730843820928121681214170313917288891164900636834149630,London,London,2026-04-11,April 11,exact,14.0,,,C,1C,daily_high,ok,GB,EGLC,51.5048,0.0495,Europe/London,WU,https://www.wunderground.com/history/daily/gb/london/EGLC,true,
1901624,highest-temperature-in-london-on-april-11-2026-15c,Will the highest temperature in London be 15°C on April 11?,0xa254fb6d79d7e758a5991a3a8cdc319b23502e4d7946563b76877d5e50cbe9de,110103547351303385570320426998943187095236493015212538951825581164767618975945,32405329819535814400871345883746843354069440604027578783989797975354141503299,London,London,2026-04-11,April 11,exact,15.0,,,C,1C,daily_high,ok,GB,EGLC,51.5048,0.0495,Europe/London,WU,https://www.wunderground.com/history/daily/gb/london/EGLC,true,
1901625,highest-temperature-in-london-on-april-11-2026-16c,Will the highest temperature in London be 16°C on April 11?,0xf04eee2dcd8303aac7f636f5bc4e899d421e83831f4d68908d3111385344441c,3152337622807675375593666985322558919351456393938915163899663552903526916647,53762390346297847648759638764168023251666616540771669187690223764783982871679,London,London,2026-04-11,April 11,exact,16.0,,,C,1C,daily_high,ok,GB,EGLC,51.5048,0.0495,Europe/London,WU,https://www.wunderground.com/history/daily/gb/london/EGLC,true,
1901626,highest-temperature-in-london-on-april-11-2026-17c,Will the highest temperature in London be 17°C on April 11?,0x0fa4263b7685bdf4ea4f7786cd9600364e794da4d7aed951ce8c558a264defa3,47179435312736378070509221209935689417176259743069961712265726820072786081374,112500588554097155107659137596070657598784599918155639715957634522858840084727,London,London,2026-04-11,April 11,exact,17.0,,,C,1C,daily_high,ok,GB,EGLC,51.5048,0.0495,Europe/London,WU,https://www.wunderground.com/history/daily/gb/london/EGLC,true,
1901627,highest-temperature-in-london-on-april-11-2026-18c,Will the highest temperature in London be 18°C on April 11?,0xdc5e54439efdf0c354f142e6048f47840c9aac99a898765210fbb2ae612d6530,99110957727996763937497214824069360160635773329877221976649593101292838049565,8524172274693362079957864115193084629031915199679218748040963234620941820854,London,London,2026-04-11,April 11,exact,18.0,,,C,1C,daily_high,ok,GB,EGLC,51.5048,0.0495,Europe/London,WU,https://www.wunderground.com/history/daily/gb/london/EGLC,true,
1901628,highest-temperature-in-london-on-april-11-2026-19c,Will the highest temperature in London be 19°C on April 11?,0x2d22638340f21bafb8a809ca0e19617d309223c972221e8b2c1992da49a85d17,65545962352953235381908198791164936769768129281605951381471623588081810563408,68550362815874269549272159524480883096874696011775369155136955784007148398569,London,London,2026-04-11,April 11,exact,19.0,,,C,1C,daily_high,ok,GB,EGLC,51.5048,0.0495,Europe/London,WU,https://www.wunderground.com/history/daily/gb/london/EGLC,true,
1901630,highest-temperature-in-london-on-april-11-2026-20c,Will the highest temperature in London be 20°C on April 11?,0x494fe8b81f02adcd6ed36c79774e3874edec193546499c708c3cb9c3841a87e5,35393390494391389935145768398294063862409415943225978294024198849233908684198,12623683463902729070026845995941901235333240802725466620318413201679749689580,London,London,2026-04-11,April 11,exact,20.0,,,C,1C,daily_high,ok,GB,EGLC,51.5048,0.0495,Europe/London,WU,https://www.wunderground.com/history/daily/gb/london/EGLC,true,
1901631,highest-temperature-in-london-on-april-11-2026-21c,Will the highest temperature in London be 21°C on April 11?,0x6a0b55ba6bf1b2453b5de61a5476213e4a9333dc5ee1226ad0e58626a08c49a0,86081149956009765170905469373053934234683481896337143550817717088388033961252,14002186828913291217872536767398035956864659133385468072527427962209666578867,London,London,2026-04-11,April 11,exact,21.0,,,C,1C,daily_high,ok,GB,EGLC,51.5048,0.0495,Europe/London,WU,https://www.wunderground.com/history/daily/gb/london/EGLC,true,
1901632,highest-temperature-in-london-on-april-11-2026-22c,Will the highest temperature in London be 22°C on April 11?,0x45601499776cc5ace63f658a802d89c39c31ef4c278e87a4d1fa3fc92bc75269,72980678675584672736684350862301414987929089079751893815772412048070052252793,23638645501985923240145764719442110250930304865163107927391309209071201666149,London,London,2026-04-11,April 11,exact,22.0,,,C,1C,daily_high,ok,GB,EGLC,51.5048,0.0495,Europe/London,WU,https://www.wunderground.com/history/daily/gb/london/EGLC,true,
1901633,highest-temperature-in-london-on-april-11-2026-23corhigher,Will the highest temperature in London be 23°C or higher on April 11?,0xc40dc8f38ce1e8ea271a91f16b72fab358b23849db589a947bd83634ed4b22a1,77031723200306571935018972422831506690479907122466565052051858611092678111793,84777363917633777505284947833538948564995172316952208535449162829920569161561,London,London,2026-04-11,April 11,higher,23.0,,,C,1C,daily_high,ok,GB,EGLC,51.5048,0.0495,Europe/London,WU,https://www.wunderground.com/history/daily/gb/london/EGLC,true,
1901638,highest-temperature-in-paris-on-april-11-2026-18corbelow,Will the highest temperature in Paris be 18°C or below on April 11?,0x1d2e8c742d4e9dc3b04d76664d77d87da17aa6f98dd84fd3190616bec4fd8205,102704054976723712143730749173293432353941617400171090366496292565607417211758,34266912683256899054802492345200335873701320548977235388406894770753552747976,Paris,Paris,2026-04-11,April 11,below,18.0,,,C,1C,daily_high,ok,FR,LFPG,49.0097,2.5479,Europe/Paris,WU,https://www.wunderground.com/history/daily/fr/paris/LFPG,true,
1901639,highest-temperature-in-paris-on-april-11-2026-19c,Will the highest temperature in Paris be 19°C on April 11?,0xdfd1003f0d11202b30335b4608f129697f5e5eeb536d01d158c923f4aae214a7,27758257601931667247343099222831238041619954192713744099566746265124391557794,113673369476659036428523286930799435426867302622322371533664085907411329370773,Paris,Paris,2026-04-11,April 11,exact,19.0,,,C,1C,daily_high,ok,FR,LFPG,49.0097,2.5479,Europe/Paris,WU,https://www.wunderground.com/history/daily/fr/paris/LFPG,true,
1901641,highest-temperature-in-paris-on-april-11-2026-20c,Will the highest temperature in Paris be 20°C on April 11?,0xe9f372dec4c74723eb8f46093d06d56e18cd62055d2692fa2158be659a456820,14775836023177508097610797022291563636305621571446257418354120895727725478819,64396393330636999592664520414215118550336806776311476069258370136000741612808,Paris,Paris,2026-04-11,April 11,exact,20.0,,,C,1C,daily_high,ok,FR,LFPG,49.0097,2.5479,Europe/Paris,WU,https://www.wunderground.com/history/daily/fr/paris/LFPG,true,
1901643,highest-temperature-in-paris-on-april-11-2026-21c,Will the highest temperature in Paris be 21°C on April 11?,0x653542ce9b34467675b9719658dc2c36325a11c37192c256fed541bfc52b1363,46134969981671377269769636178213276970321025933952272068093341401466072466174,16141316478806154007815670938441413444092611400396010547443227453075990752470,Paris,Paris,2026-04-11,April 11,exact,21.0,,,C,1C,daily_high,ok,FR,LFPG,49.0097,2.5479,Europe/Paris,WU,https://www.wunderground.com/history/daily/fr/paris/LFPG,true,
1901644,highest-temperature-in-paris-on-april-11-2026-22c,Will the highest temperature in Paris be 22°C on April 11?,0xba8e06c472285af420789238106cbff59cd8d03547c2093e539d380d2d91d5c6,20152262980571921059151429598434022516495830509868060195997042022451226803802,58399774172445571658139174518491123149367315458841404982765354891588042992115,Paris,Paris,2026-04-11,April 11,exact,22.0,,,C,1C,daily_high,ok,FR,LFPG,49.0097,2.5479,Europe/Paris,WU,https://www.wunderground.com/history/daily/fr/paris/LFPG,true,
1901645,highest-temperature-in-paris-on-april-11-2026-23c,Will the highest temperature in Paris be 23°C on April 11?,0x6d3f9009b5e25657e7f4e5b7eaf80be277e071dbc9cf1c8486825d060f0773f4,35262445855040200646772407511922827287610611008902733674539583380415341205285,34906651208824083765893876243058821541834296863570112297264997484901160254856,Paris,Paris,2026-04-11,April 11,exact,23.0,,,C,1C,daily_high,ok,FR,LFPG,49.0097,2.5479,Europe/Paris,WU,https://www.wunderground.com/history/daily/fr/paris/LFPG,true,
1901647,highest-temperature-in-paris-on-april-11-2026-24c,Will the highest temperature in Paris be 24°C on April 11?,0x5b1488245eb9b6781f5d0daf5999835a4a9a510da41dee353dce9f8292e2b55c,51887878616917688779151896364514128894466379122146819181893173483301212496156,29117261482983238471420182775116985717756069880807534400402210176434737238013,Paris,Paris,2026-04-11,April 11,exact,24.0,,,C,1C,daily_high,ok,FR,LFPG,49.0097,2.5479,Europe/Paris,WU,https://www.wunderground.com/history/daily/fr/paris/LFPG,true,
1901648,highest-temperature-in-paris-on-april-11-2026-25c,Will the highest temperature in Paris be 25°C on April 11?,0x787f4a6f706ad6689a4a330aecb97c23c0b871bc2dbe060a16917c3df508a14e,82981897562720778068499053481648031426091140996967950529918934724916840184786,26556390160329631514427400522174613233262176955829850281961336520601692727898,Paris,Paris,2026-04-11,April 11,exact,25.0,,,C,1C,daily_high,ok,FR,LFPG,49.0097,2.5479,Europe/Paris,WU,https://www.wunderground.com/history/daily/fr/paris/LFPG,true,
1901649,highest-temperature-in-paris-on-april-11-2026-26c,Will the highest temperature in Paris be 26°C on April 11?,0x3f407712970869ad17f1023d1594ed451a9d63b57267364e7de365e287c9cde9,57209433721320276899042637413985921988464526221851510790900795174056182448951,27884783164104782929193825756344663377772851793573663887084778108140819219693,Paris,Paris,2026-04-11,April 11,exact,26.0,,,C,1C,daily_high,ok,FR,LFPG,49.0097,2.5479,Europe/Paris,WU,https://www.wunderground.com/history/daily/fr/paris/LFPG,true,
1901650,highest-temperature-in-paris-on-april-11-2026-27c,Will the highest temperature in Paris be 27°C on April 11?,0xa4f44ee0e62ecca37f6cfbd0fa353086441060e8ec48b25abd982b35aa0fa16e,51646462366719526211159211980154781899504251023590716828602319986824186698298,85592949264637301670148012570984674094174053525678372649635889552619870866948,Paris,Paris,2026-04-11,April 11,exact,27.0,,,C,1C,daily_high,ok,FR,LFPG,49.0097,2.5479,Europe/Paris,WU,https://www.wunderground.com/history/daily/fr/paris/LFPG,true,
1901651,highest-temperature-in-paris-on-april-11-2026-28corhigher,Will the highest temperature in Paris be 28°C or higher on April 11?,0xa9f0a537bac2efe3a374bdada826184c81fb00c5d492474cf139828af421fb74,31716247806124074328515314273881085774436372845236880188963454735353955487943,47848975698021284541348597279129201982250480819477793068329664396397022287728,Paris,Paris,2026-04-11,April 11,higher,28.0,,,C,1C,daily_high,ok,FR,LFPG,49.0097,2.5479,Europe/Paris,WU,https://www.wunderground.com/history/daily/fr/paris/LFPG,true,
